month,year,prime,inflation
12,2019,4.75,0.0180
11,2019,4.75,0.0180
10,2019,4.75,0.0180
9,2019,5.00,0.0180
8,2019,5.25,0.0180
7,2019,5.50,0.0180
6,2019,5.50,0.0180
5,2019,5.50,0.0180
4,2019,5.50,0.0180
3,2019,5.50,0.0180
2,2019,5.50,0.0180
1,2019,5.50,0.0180
12,2018,5.50,0.0240
11,2018,5.25,0.0240
10,2018,5.25,0.0240
9,2018,5.25,0.0240
8,2018,5.00,0.0240
7,2018,5.00,0.0240
6,2018,5.00,0.0240
5,2018,4.75,0.0240
4,2018,4.75,0.0240
3,2018,4.75,0.0240
2,2018,4.50,0.0240
1,2018,4.50,0.0240
12,2017,4.50,0.0210
11,2017,4.25,0.0210
10,2017,4.25,0.0210
9,2017,4.25,0.0210
8,2017,4.25,0.0210
7,2017,4.25,0.0210
6,2017,4.25,0.0210
5,2017,4.00,0.0210
4,2017,4.00,0.0210
3,2017,4.00,0.0210
2,2017,3.75,0.0210
1,2017,3.75,0.0210
12,2016,3.75,0.0130
11,2016,3.50,0.0130
10,2016,3.50,0.0130
9,2016,3.50,0.0130
8,2016,3.50,0.0130
7,2016,3.50,0.0130
6,2016,3.50,0.0130
5,2016,3.50,0.0130
4,2016,3.50,0.0130
3,2016,3.50,0.0130
2,2016,3.50,0.0130
1,2016,3.50,0.0130
12,2015,3.50,0.0010
11,2015,3.25,0.0010
10,2015,3.25,0.0010
9,2015,3.25,0.0010
8,2015,3.25,0.0010
7,2015,3.25,0.0010
6,2015,3.25,0.0010
5,2015,3.25,0.0010
4,2015,3.25,0.0010
3,2015,3.25,0.0010
2,2015,3.25,0.0010
1,2015,3.25,0.0010
12,2014,3.25,0.0160
11,2014,3.25,0.0160
10,2014,3.25,0.0160
9,2014,3.25,0.0160
8,2014,3.25,0.0160
7,2014,3.25,0.0160
6,2014,3.25,0.0160
5,2014,3.25,0.0160
4,2014,3.25,0.0160
3,2014,3.25,0.0160
2,2014,3.25,0.0160
1,2014,3.25,0.0160
12,2013,3.25,0.0150
11,2013,3.25,0.0150
10,2013,3.25,0.0150
9,2013,3.25,0.0150
8,2013,3.25,0.0150
7,2013,3.25,0.0150
6,2013,3.25,0.0150
5,2013,3.25,0.0150
4,2013,3.25,0.0150
3,2013,3.25,0.0150
2,2013,3.25,0.0150
1,2013,3.25,0.0150
12,2012,3.25,0.0210
11,2012,3.25,0.0210
10,2012,3.25,0.0210
9,2012,3.25,0.0210
8,2012,3.25,0.0210
7,2012,3.25,0.0210
6,2012,3.25,0.0210
5,2012,3.25,0.0210
4,2012,3.25,0.0210
3,2012,3.25,0.0210
2,2012,3.25,0.0210
1,2012,3.25,0.0210
12,2011,3.25,0.0320
11,2011,3.25,0.0320
10,2011,3.25,0.0320
9,2011,3.25,0.0320
8,2011,3.25,0.0320
7,2011,3.25,0.0320
6,2011,3.25,0.0320
5,2011,3.25,0.0320
4,2011,3.25,0.0320
3,2011,3.25,0.0320
2,2011,3.25,0.0320
1,2011,3.25,0.0320
12,2010,3.25,0.0160
11,2010,3.25,0.0160
10,2010,3.25,0.0160
9,2010,3.25,0.0160
8,2010,3.25,0.0160
7,2010,3.25,0.0160
6,2010,3.25,0.0160
5,2010,3.25,0.0160
4,2010,3.25,0.0160
3,2010,3.25,0.0160
2,2010,3.25,0.0160
1,2010,3.25,0.0160
12,2009,3.25,-0.0040
11,2009,3.25,-0.0040
10,2009,3.25,-0.0040
9,2009,3.25,-0.0040
8,2009,3.25,-0.0040
7,2009,3.25,-0.0040
6,2009,3.25,-0.0040
5,2009,3.25,-0.0040
4,2009,3.25,-0.0040
3,2009,3.25,-0.0040
2,2009,3.25,-0.0040
1,2009,3.25,-0.0040
12,2008,3.25,0.0380
11,2008,4.00,0.0380
10,2008,4.00,0.0380
9,2008,5.00,0.0380
8,2008,5.00,0.0380
7,2008,5.00,0.0380
6,2008,5.00,0.0380
5,2008,5.00,0.0380
4,2008,5.00,0.0380
3,2008,5.25,0.0380
2,2008,6.00,0.0380
1,2008,6.00,0.0380
12,2007,7.25,0.0280
11,2007,7.50,0.0280
10,2007,7.50,0.0280
9,2007,7.75,0.0280
8,2007,8.25,0.0280
7,2007,8.25,0.0280
6,2007,8.25,0.0280
5,2007,8.25,0.0280
4,2007,8.25,0.0280
3,2007,8.25,0.0280
2,2007,8.25,0.0280
1,2007,8.25,0.0280
12,2006,8.25,0.0320
11,2006,8.25,0.0320
10,2006,8.25,0.0320
9,2006,8.25,0.0320
8,2006,8.25,0.0320
7,2006,8.25,0.0320
6,2006,8.25,0.0320
5,2006,8.00,0.0320
4,2006,7.75,0.0320
3,2006,7.75,0.0320
2,2006,7.50,0.0320
1,2006,7.50,0.0320
12,2005,7.25,0.0340
11,2005,7.00,0.0340
10,2005,6.75,0.0340
9,2005,6.75,0.0340
8,2005,6.50,0.0340
7,2005,6.25,0.0340
6,2005,6.25,0.0340
5,2005,6.00,0.0340
4,2005,5.75,0.0340
3,2005,5.75,0.0340
2,2005,5.50,0.0340
1,2005,5.25,0.0340
12,2004,5.25,0.0270
11,2004,5.00,0.0270
10,2004,4.75,0.0270
9,2004,4.75,0.0270
8,2004,4.50,0.0270
7,2004,4.25,0.0270
6,2004,4.00,0.0270
5,2004,4.00,0.0270
4,2004,4.00,0.0270
3,2004,4.00,0.0270
2,2004,4.00,0.0270
1,2004,4.00,0.0270
12,2003,4.00,0.0230
11,2003,4.00,0.0230
10,2003,4.00,0.0230
9,2003,4.00,0.0230
8,2003,4.00,0.0230
7,2003,4.00,0.0230
6,2003,4.00,0.0230
5,2003,4.25,0.0230
4,2003,4.25,0.0230
3,2003,4.25,0.0230
2,2003,4.25,0.0230
1,2003,4.25,0.0230
12,2002,4.25,0.0160
11,2002,4.25,0.0160
10,2002,4.75,0.0160
9,2002,4.75,0.0160
8,2002,4.75,0.0160
7,2002,4.75,0.0160
6,2002,4.75,0.0160
5,2002,4.75,0.0160
4,2002,4.75,0.0160
3,2002,4.75,0.0160
2,2002,4.75,0.0160
1,2002,4.75,0.0160
12,2001,4.75,0.0280
11,2001,5.00,0.0280
10,2001,5.50,0.0280
9,2001,6.00,0.0280
8,2001,6.50,0.0280
7,2001,6.75,0.0280
6,2001,6.75,0.0280
5,2001,7.00,0.0280
4,2001,7.50,0.0280
3,2001,8.00,0.0280
2,2001,8.50,0.0280
1,2001,9.00,0.0280
12,2000,9.50,0.0340
11,2000,9.50,0.0340
10,2000,9.50,0.0340
9,2000,9.50,0.0340
8,2000,9.50,0.0340
7,2000,9.50,0.0340
6,2000,9.50,0.0340
5,2000,9.50,0.0340
4,2000,9.00,0.0340
3,2000,9.00,0.0340
2,2000,8.75,0.0340
1,2000,8.50,0.0340
12,1999,8.50,0.0220
11,1999,8.50,0.0220
10,1999,8.25,0.0220
9,1999,8.25,0.0220
8,1999,8.25,0.0220
7,1999,8.00,0.0220
6,1999,7.75,0.0220
5,1999,7.75,0.0220
4,1999,7.75,0.0220
3,1999,7.75,0.0220
2,1999,7.75,0.0220
1,1999,7.75,0.0220
12,1998,7.75,0.0160
11,1998,7.75,0.0160
10,1998,8.00,0.0160
9,1998,8.25,0.0160
8,1998,8.50,0.0160
7,1998,8.50,0.0160
6,1998,8.50,0.0160
5,1998,8.50,0.0160
4,1998,8.50,0.0160
3,1998,8.50,0.0160
2,1998,8.50,0.0160
1,1998,8.50,0.0160
12,1997,8.50,0.0230
11,1997,8.50,0.0230
10,1997,8.50,0.0230
9,1997,8.50,0.0230
8,1997,8.50,0.0230
7,1997,8.50,0.0230
6,1997,8.50,0.0230
5,1997,8.50,0.0230
4,1997,8.50,0.0230
3,1997,8.50,0.0230
2,1997,8.25,0.0230
1,1997,8.25,0.0230
12,1996,8.25,0.0300
11,1996,8.25,0.0300
10,1996,8.25,0.0300
9,1996,8.25,0.0300
8,1996,8.25,0.0300
7,1996,8.25,0.0300
6,1996,8.25,0.0300
5,1996,8.25,0.0300
4,1996,8.25,0.0300
3,1996,8.25,0.0300
2,1996,8.25,0.0300
1,1996,8.25,0.0300
12,1995,8.50,0.0280
11,1995,8.75,0.0280
10,1995,8.75,0.0280
9,1995,8.75,0.0280
8,1995,8.75,0.0280
7,1995,8.75,0.0280
6,1995,9.00,0.0280
5,1995,9.00,0.0280
4,1995,9.00,0.0280
3,1995,9.00,0.0280
2,1995,9.00,0.0280
1,1995,8.50,0.0280
12,1994,8.50,0.0260
11,1994,8.50,0.0260
10,1994,7.75,0.0260
9,1994,7.75,0.0260
8,1994,7.75,0.0260
7,1994,7.25,0.0260
6,1994,7.25,0.0260
5,1994,7.25,0.0260
4,1994,6.75,0.0260
3,1994,6.25,0.0260
2,1994,6.00,0.0260
1,1994,6.00,0.0260
12,1993,6.00,0.0300
11,1993,6.00,0.0300
10,1993,6.00,0.0300
9,1993,6.00,0.0300
8,1993,6.00,0.0300
7,1993,6.00,0.0300
6,1993,6.00,0.0300
5,1993,6.00,0.0300
4,1993,6.00,0.0300
3,1993,6.00,0.0300
2,1993,6.00,0.0300
1,1993,6.00,0.0300
12,1992,6.00,0.0300
11,1992,6.00,0.0300
10,1992,6.00,0.0300
9,1992,6.00,0.0300
8,1992,6.00,0.0300
7,1992,6.00,0.0300
6,1992,6.50,0.0300
5,1992,6.50,0.0300
4,1992,6.50,0.0300
3,1992,6.50,0.0300
2,1992,6.50,0.0300
1,1992,6.50,0.0300
12,1991,6.50,0.0420
11,1991,7.50,0.0420
10,1991,8.00,0.0420
9,1991,8.00,0.0420
8,1991,8.50,0.0420
7,1991,8.50,0.0420
6,1991,8.50,0.0420
5,1991,8.50,0.0420
4,1991,9.00,0.0420
3,1991,9.00,0.0420
2,1991,9.00,0.0420
1,1991,9.50,0.0420
12,1990,10.00,0.0540
11,1990,10.00,0.0540
10,1990,10.00,0.0540
9,1990,10.00,0.0540
8,1990,10.00,0.0540
7,1990,10.00,0.0540
6,1990,10.00,0.0540
5,1990,10.00,0.0540
4,1990,10.00,0.0540
3,1990,10.00,0.0540
2,1990,10.00,0.0540
1,1990,10.00,0.0540
12,1989,10.50,0.0480
11,1989,10.50,0.0480
10,1989,10.50,0.0480
9,1989,10.50,0.0480
8,1989,10.50,0.0480
7,1989,10.50,0.0480
6,1989,11.00,0.0480
5,1989,11.50,0.0480
4,1989,11.50,0.0480
3,1989,11.50,0.0480
2,1989,11.50,0.0480
1,1989,10.50,0.0480
12,1988,10.50,0.0410
11,1988,10.50,0.0410
10,1988,10.00,0.0410
9,1988,10.00,0.0410
8,1988,10.00,0.0410
7,1988,9.50,0.0410
6,1988,9.00,0.0410
5,1988,9.00,0.0410
4,1988,8.50,0.0410
3,1988,8.50,0.0410
2,1988,8.50,0.0410
1,1988,8.75,0.0410
12,1987,8.75,0.0360
11,1987,8.75,0.0360
10,1987,9.00,0.0360
9,1987,8.75,0.0360
8,1987,8.25,0.0360
7,1987,8.25,0.0360
6,1987,8.25,0.0360
5,1987,8.25,0.0360
4,1987,7.75,0.0360
3,1987,7.50,0.0360
2,1987,7.50,0.0360
1,1987,7.50,0.0360
12,1986,7.50,0.0190
11,1986,7.50,0.0190
10,1986,7.50,0.0190
9,1986,7.50,0.0190
8,1986,7.50,0.0190
7,1986,8.00,0.0190
6,1986,8.50,0.0190
5,1986,8.50,0.0190
4,1986,8.50,0.0190
3,1986,9.00,0.0190
2,1986,9.50,0.0190
1,1986,9.50,0.0190
12,1985,9.50,0.0360
11,1985,9.50,0.0360
10,1985,9.50,0.0360
9,1985,9.50,0.0360
8,1985,9.50,0.0360
7,1985,9.50,0.0360
6,1985,9.50,0.0360
5,1985,10.00,0.0360
4,1985,10.50,0.0360
3,1985,10.50,0.0360
2,1985,10.50,0.0360
1,1985,10.50,0.0360
12,1984,10.75,0.0430
11,1984,11.25,0.0430
10,1984,12.00,0.0430
9,1984,12.75,0.0430
8,1984,13.00,0.0430
7,1984,13.00,0.0430
6,1984,13.00,0.0430
5,1984,12.50,0.0430
4,1984,12.00,0.0430
3,1984,11.50,0.0430
2,1984,11.00,0.0430
1,1984,11.00,0.0430
12,1983,11.00,0.0320
11,1983,11.00,0.0320
10,1983,11.00,0.0320
9,1983,11.00,0.0320
8,1983,11.00,0.0320
7,1983,10.50,0.0320
6,1983,10.50,0.0320
5,1983,10.50,0.0320
4,1983,10.50,0.0320
3,1983,10.50,0.0320
2,1983,10.50,0.0320
1,1983,11.00,0.0320
12,1982,11.50,0.0620
11,1982,11.50,0.0620
10,1982,12.00,0.0620
9,1982,13.50,0.0620
8,1982,14.00,0.0620
7,1982,15.50,0.0620
6,1982,16.50,0.0620
5,1982,16.50,0.0620
4,1982,16.50,0.0620
3,1982,16.50,0.0620
2,1982,16.50,0.0620
1,1982,15.75,0.0620
12,1981,15.75,0.1030
11,1981,16.00,0.1030
10,1981,18.00,0.1030
9,1981,19.50,0.1030
8,1981,20.50,0.1030
7,1981,20.50,0.1030
6,1981,20.00,0.1030
5,1981,20.50,0.1030
4,1981,18.00,0.1030
3,1981,17.50,0.1030
2,1981,19.00,0.1030
1,1981,20.00,0.1030
12,1980,21.50,0.1350
11,1980,17.75,0.1350
10,1980,14.50,0.1350
9,1980,13.00,0.1350
8,1980,11.50,0.1350
7,1980,11.00,0.1350
6,1980,12.00,0.1350
5,1980,14.00,0.1350
4,1980,19.50,0.1350
3,1980,19.50,0.1350
2,1980,16.75,0.1350
1,1980,15.25,0.1350
12,1979,15.25,0.1130
11,1979,15.50,0.1130
10,1979,15.00,0.1130
9,1979,13.50,0.1130
8,1979,12.25,0.1130
7,1979,11.75,0.1130
6,1979,11.50,0.1130
5,1979,11.75,0.1130
4,1979,11.75,0.1130
3,1979,11.75,0.1130
2,1979,11.75,0.1130
1,1979,11.75,0.1130
12,1978,11.75,0.0760
11,1978,11.50,0.0760
10,1978,10.25,0.0760
9,1978,9.75,0.0760
8,1978,9.25,0.0760
7,1978,9.00,0.0760
6,1978,8.75,0.0760
5,1978,8.50,0.0760
4,1978,8.00,0.0760
3,1978,8.00,0.0760
2,1978,8.00,0.0760
1,1978,8.00,0.0760
12,1977,7.75,0.0650
11,1977,7.75,0.0650
10,1977,7.75,0.0650
9,1977,7.25,0.0650
8,1977,7.00,0.0650
7,1977,6.75,0.0650
6,1977,6.75,0.0650
5,1977,6.75,0.0650
4,1977,6.25,0.0650
3,1977,6.25,0.0650
2,1977,6.25,0.0650
1,1977,6.25,0.0650
12,1976,6.25,0.0580
11,1976,6.25,0.0580
10,1976,6.75,0.0580
9,1976,6.75,0.0580
8,1976,7.00,0.0580
7,1976,7.25,0.0580
6,1976,7.25,0.0580
5,1976,6.75,0.0580
4,1976,6.75,0.0580
3,1976,6.75,0.0580
2,1976,6.75,0.0580
1,1976,6.75,0.0580
12,1975,7.25,0.0910
11,1975,7.50,0.0910
10,1975,7.75,0.0910
9,1975,8.00,0.0910
8,1975,7.75,0.0910
7,1975,7.50,0.0910
6,1975,7.00,0.0910
5,1975,7.25,0.0910
4,1975,7.50,0.0910
3,1975,7.50,0.0910
2,1975,8.50,0.0910
1,1975,9.50,0.0910
