month,year,coal,naturalgas,uranium,oil
12,2019,1.91,2.91,0.618,14.73
11,2019,1.96,2.96,0.618,15.28
10,2019,1.96,2.49,0.618,15.37
9,2019,1.96,2.59,0.618,15.04
8,2019,2,2.41,0.618,14.82
7,2019,2.02,2.54,0.618,15.1
6,2019,2.03,2.58,0.618,14.85
5,2019,2.05,2.76,0.618,16.19
4,2019,2.07,2.89,0.618,16.35
3,2019,2.08,3.46,0.618,15.7
2,2019,2.07,3.63,0.618,15.19
1,2019,2.1,4,0.618,14.12
12,2018,2.11,4.72,0.618,14.54
11,2018,2.06,4.18,0.618,16.39
10,2018,2.04,3.43,0.618,17.76
9,2018,2.05,3.12,0.618,17.39
8,2018,2.06,3.27,0.618,16.93
7,2018,2.05,3.23,0.618,16.21
6,2018,2.04,3.13,0.618,16.59
5,2018,2.04,3.06,0.618,16.73
4,2018,2.07,3.14,0.618,16.19
3,2018,2.04,3.18,0.618,15.02
2,2018,2.07,3.61,0.618,15.19
1,2018,2.06,5.06,0.618,16.07
12,2017,2.04,3.63,0.618,14.63
11,2017,2.04,3.35,0.618,14.61
10,2017,2.03,3.13,0.618,14.11
9,2017,2.02,3.16,0.618,14.52
8,2017,2.05,3.13,0.618,12.95
7,2017,2.06,3.21,0.618,11.82
6,2017,2.07,3.29,0.618,11.56
5,2017,2.09,3.48,0.618,12.22
4,2017,2.08,3.38,0.618,13
3,2017,2.07,3.35,0.618,12.35
2,2017,2.06,3.56,0.618,12.98
1,2017,2.09,4.11,0.618,13.02
12,2016,2.08,3.96,0.637,12.22
11,2016,2.08,3.02,0.637,12.01
10,2016,2.07,3.13,0.637,12.04
9,2016,2.12,3.07,0.637,11.29
8,2016,2.11,2.96,0.637,11.41
7,2016,2.11,2.97,0.637,12.08
6,2016,2.1,2.67,0.637,12.22
5,2016,2.16,2.39,0.637,10.76
4,2016,2.16,2.42,0.637,9.97
3,2016,2.17,2.23,0.637,9.46
2,2016,2.11,2.7,0.637,8.78
1,2016,2.12,3.02,0.637,8.9
12,2015,2.16,2.59,0.657,10.57
11,2015,2.15,2.65,0.657,12.38
10,2015,2.15,2.92,0.657,12.44
9,2015,2.22,3.06,0.657,12.02
8,2015,2.23,3.11,0.657,13.05
7,2015,2.21,3.11,0.657,14.37
6,2015,2.25,3.12,0.657,15.29
5,2015,2.26,3.14,0.657,15.34
4,2015,2.23,3.1,0.657,14.82
3,2015,2.26,3.55,0.657,15.6
2,2015,2.26,4.7,0.657,16.46
1,2015,2.29,4.11,0.657,13.37
12,2014,2.51,4.36,0.657,16.5
11,2014,2.3,4.48,0.657,19.68
10,2014,2.31,4.1,0.657,20.09
9,2014,2.37,4.2,0.657,21.38
8,2014,2.37,4.12,0.657,21.94
7,2014,2.38,4.43,0.657,22.36
6,2014,2.38,4.84,0.657,22.72
5,2014,2.4,4.93,0.657,22.77
4,2014,2.39,5.07,0.657,22.82
3,2014,2.36,6,0.657,23.83
2,2014,2.32,7.4,0.657,23.97
1,2014,2.29,7.02,0.657,23.12
12,2013,2.34,4.91,0.697,22.81
11,2013,2.33,4.19,0.697,22.74
10,2013,2.34,4.11,0.697,22.85
9,2013,2.35,4.08,0.697,23.55
8,2013,2.33,3.91,0.697,23.24
7,2013,2.31,4.2,0.697,23.1
6,2013,2.36,4.42,0.697,22.37
5,2013,2.37,4.62,0.697,22.6
4,2013,2.37,4.67,0.697,22.96
3,2013,2.35,4.3,0.697,23.87
2,2013,2.34,4.39,0.697,23.84
1,2013,2.34,4.38,0.697,22.94
12,2012,2.36,4.21,0.716,23.44
11,2012,2.36,4.25,0.716,24.28
10,2012,2.36,3.84,0.716,24.93
9,2012,2.38,3.41,0.716,24.42
8,2012,2.4,3.5,0.716,23.38
7,2012,2.4,3.43,0.716,21.92
6,2012,2.36,3.11,0.716,21.63
5,2012,2.42,2.94,0.716,23.24
4,2012,2.42,2.71,0.716,24.61
3,2012,2.39,2.99,0.716,24.96
2,2012,2.38,3.34,0.716,23.81
1,2012,2.37,3.69,0.716,22.94
12,2011,2.34,4.04,0.716,22.45
11,2011,2.37,4.1,0.716,23.38
10,2011,2.39,4.33,0.716,23.2
9,2011,2.44,4.56,0.716,22.73
8,2011,2.47,4.73,0.716,22.51
7,2011,2.44,4.98,0.716,22.95
6,2011,2.4,5.04,0.716,23.13
5,2011,2.43,4.89,0.716,23.04
4,2011,2.38,4.86,0.716,24.06
3,2011,2.34,4.64,0.716,22.59
2,2011,2.35,5.09,0.716,20.93
1,2011,2.32,5.39,0.716,19.59
12,2010,2.23,5.43,0.677,18.56
11,2010,2.26,4.35,0.677,17.43
10,2010,2.27,4.3,0.677,17.14
9,2010,2.28,4.45,0.677,16.53
8,2010,2.3,4.92,0.677,16.24
7,2010,2.27,5.18,0.677,15.89
6,2010,2.25,5.12,0.677,16.12
5,2010,2.26,4.79,0.677,16.54
4,2010,2.29,4.71,0.677,17.1
3,2010,2.31,5.29,0.677,16.42
2,2010,2.27,6.07,0.677,15.69
1,2010,2.23,6.71,0.677,15.73
12,2009,2.14,5.96,0.657,15.88
11,2009,2.13,4.87,0.657,15.5
10,2009,2.17,4.82,0.657,15.79
9,2009,2.18,3.84,0.657,15.22
8,2009,2.21,4.15,0.657,14.94
7,2009,2.19,4.32,0.657,14
6,2009,2.22,4.44,0.657,13.66
5,2009,2.23,4.48,0.657,12
4,2009,2.22,4.48,0.657,11.54
3,2009,2.29,4.73,0.657,10.75
2,2009,2.27,5.38,0.657,11.36
1,2009,2.23,6.38,0.657,11.67
12,2008,2.16,6.68,0.657,12.39
11,2008,2.17,6.45,0.657,15.75
10,2008,2.21,6.69,0.657,19.53
9,2008,2.19,7.68,0.657,23.35
8,2008,2.18,8.79,0.657,25.04
7,2008,2.1,11.51,0.657,27.76
6,2008,2.08,12.04,0.657,26.44
5,2008,2.04,10.73,0.657,25.99
4,2008,1.97,9.89,0.657,23.09
3,2008,1.93,9.25,0.657,21.09
2,2008,1.89,8.58,0.657,20.16
1,2008,1.88,8.19,0.657,19.43
12,2007,1.82,7.68,0.578,18.65
11,2007,1.78,7.11,0.578,18.86
10,2007,1.77,6.78,0.578,16.61
9,2007,1.77,6.12,0.578,15.68
8,2007,1.77,6.62,0.578,15.25
7,2007,1.76,6.87,0.578,15.24
6,2007,1.77,7.6,0.578,14.79
5,2007,1.77,7.73,0.578,14.65
4,2007,1.77,7.54,0.578,14.04
3,2007,1.76,7.44,0.578,12.85
2,2007,1.75,7.87,0.578,11.95
1,2007,1.74,6.81,0.578,11.87
12,2006,1.69,7.43,0.499,12.9
11,2006,1.69,7.28,0.499,12.33
10,2006,1.7,5.51,0.499,12.06
9,2006,1.71,6.17,0.499,10.86
8,2006,1.7,7.33,0.499,15.52
7,2006,1.68,6.48,0.499,13.23
6,2006,1.69,6.47,0.499,14.45
5,2006,1.7,6.75,0.499,14.77
4,2006,1.71,7.13,0.499,14.48
3,2006,1.71,7.17,0.499,12.39
2,2006,1.68,7.84,0.499,11.69
1,2006,1.67,9.11,0.499,13.68
12,2005,1.59,10.8,0.479,12.51
11,2005,1.57,9.86,0.479,13.12
10,2005,1.58,11.55,0.479,15.18
9,2005,1.6,10.62,0.479,13.55
8,2005,1.56,8.36,0.479,11.12
7,2005,1.52,7.34,0.479,10.76
6,2005,1.54,6.83,0.479,10.79
5,2005,1.55,6.68,0.479,10.09
4,2005,1.54,7.11,0.479,10.78
3,2005,1.52,6.61,0.479,11.11
2,2005,1.48,6.23,0.479,9.47
1,2005,1.46,6.5,0.479,9.73
12,2004,1.41,6.76,0.479,8.86
11,2004,1.41,6.65,0.479,9.64
10,2004,1.41,5.84,0.479,9.56
9,2004,1.37,5.26,0.479,8.65
8,2004,1.4,5.84,0.479,8.7
7,2004,1.37,6.08,0.479,7.89
6,2004,1.35,6.36,0.479,7.67
5,2004,1.35,6.11,0.479,7.56
4,2004,1.34,5.57,0.479,7.37
3,2004,1.33,5.37,0.479,7.15
2,2004,1.32,5.64,0.479,7.13
1,2004,1.29,6.17,0.479,7.32
12,2003,1.27,5.45,0.459,6.62
11,2003,1.27,4.71,0.459,6.44
10,2003,1.28,4.81,0.459,6.44
9,2003,1.28,4.98,0.459,6.07
8,2003,1.28,5.06,0.459,6.57
7,2003,1.28,5.3,0.459,5.85
6,2003,1.28,5.88,0.459,5.79
5,2003,1.29,5.48,0.459,5.97
4,2003,1.29,5.22,0.459,6.46
3,2003,1.31,6.98,0.459,9.31
2,2003,1.29,6.16,0.459,7.7
1,2003,1.26,5.15,0.459,6.62
12,2002,1.22,4.53,0.459,6.39
11,2002,1.25,4.23,0.459,5.78
10,2002,1.25,4.04,0.459,6.19
9,2002,1.26,3.61,0.459,6.05
8,2002,1.26,3.33,0.459,5.3
7,2002,1.25,3.41,0.459,5.19
6,2002,1.26,3.49,0.459,4.87
5,2002,1.26,3.65,0.459,5.24
4,2002,1.25,3.64,0.459,5.15
3,2002,1.25,3.2,0.459,4.46
2,2002,1.28,2.74,0.459,4.15
1,2002,1.26,3,0.459,4.51
12,2001,1.22,3.08,0.459,4.27
11,2001,1.24,3.24,0.459,4.76
10,2001,1.21,2.71,0.459,5.73
9,2001,1.23,2.96,0.459,6.6
8,2001,1.23,3.56,0.459,6.13
7,2001,1.23,3.74,0.459,5.78
6,2001,1.25,4.25,0.459,6.37
5,2001,1.25,5.14,0.459,6.29
4,2001,1.24,5.64,0.459,6.34
3,2001,1.23,5.74,0.459,5.91
2,2001,1.24,6.95,0.459,6.7
1,2001,1.22,9.21,0.459,6.84
12,2000,1.19,8.41,0.459,6.14
11,2000,1.19,5.39,0.459,7.32
10,2000,1.22,5.3,0.459,7.24
9,2000,1.18,4.87,0.459,7.46
8,2000,1.19,4.29,0.459,7.03
7,2000,1.19,4.34,0.459,6.83
6,2000,1.21,4.46,0.459,7.05
5,2000,1.2,3.55,0.459,6.42
4,2000,1.22,3.16,0.459,5.93
3,2000,1.21,2.93,0.459,6.76
2,2000,1.21,2.9,0.459,6.68
1,2000,1.2,2.71,0.459,6.17
12,1999,1.18,2.65,0.459,5.94
11,1999,1.19,2.98,0.459,5.65
10,1999,1.21,2.82,0.459,5.28
9,1999,1.2,2.94,0.459,5.28
8,1999,1.21,2.82,0.459,4.77
7,1999,1.21,2.51,0.459,4.4
6,1999,1.22,2.48,0.459,3.88
5,1999,1.22,2.52,0.459,3.79
4,1999,1.24,2.25,0.459,3.62
3,1999,1.24,2.12,0.459,2.96
2,1999,1.25,2.22,0.459,2.52
1,1999,1.22,2.26,0.459,2.48
12,1998,1.21,2.31,0.459,2.29
11,1998,1.24,2.41,0.459,2.67
10,1998,1.24,2.23,0.459,2.96
9,1998,1.25,2.12,0.459,3.11
8,1998,1.26,2.18,0.459,2.77
7,1998,1.25,2.48,0.459,2.82
6,1998,1.26,2.38,0.459,2.83
5,1998,1.26,2.47,0.459,3.07
4,1998,1.27,2.6,0.459,3.13
3,1998,1.27,2.54,0.459,3.01
2,1998,1.26,2.53,0.459,3.25
1,1998,1.26,2.75,0.459,3.49
12,1997,1.25,2.78,0.459,3.89
11,1997,1.26,3.42,0.459,4.36
10,1997,1.26,3.24,0.459,4.57
9,1997,1.26,2.9,0.459,4.36
8,1997,1.25,2.52,0.459,4.39
7,1997,1.26,2.44,0.459,4.27
6,1997,1.28,2.54,0.459,4.23
5,1997,1.28,2.47,0.459,4.53
4,1997,1.3,2.31,0.459,4.34
3,1997,1.3,2.36,0.459,4.67
2,1997,1.29,3.12,0.459,5.09
1,1997,1.28,4.08,0.459,5.62
12,1996,1.28,3.93,0.459,5.66
11,1996,1.28,3.02,0.459,5.53
10,1996,1.29,2.34,0.459,5.66
9,1996,1.27,2.19,0.459,5.38
8,1996,1.28,2.51,0.459,5.01
7,1996,1.28,2.64,0.459,4.78
6,1996,1.29,2.55,0.459,4.71
5,1996,1.31,2.48,0.459,4.91
4,1996,1.31,2.65,0.459,5.21
3,1996,1.3,2.68,0.459,4.85
2,1996,1.29,2.95,0.459,4.33
1,1996,1.29,2.81,0.459,4.26
12,1995,1.28,2.55,0.459,4.27
11,1995,1.3,2.19,0.459,4.03
10,1995,1.3,2.04,0.459,3.98
9,1995,1.32,1.9,0.459,4.08
8,1995,1.31,1.79,0.459,4.03
7,1995,1.3,1.86,0.459,4.02
6,1995,1.33,2.03,0.459,4.26
5,1995,1.34,2.02,0.459,4.53
4,1995,1.34,1.95,0.459,4.56
3,1995,1.34,1.89,0.459,4.2
2,1995,1.33,1.97,0.459,4.2
1,1995,1.33,2.09,0.459,4.05
12,1994,1.3,2.14,0.459,3.85
11,1994,1.33,2.07,0.459,4.02
10,1994,1.35,1.92,0.459,3.98
9,1994,1.36,1.96,0.459,3.88
8,1994,1.35,2.1,0.459,4.06
7,1994,1.35,2.22,0.459,4.27
6,1994,1.37,2.19,0.459,4.16
5,1994,1.38,2.41,0.459,3.83
4,1994,1.38,2.38,0.459,3.55
3,1994,1.36,2.62,0.459,3.21
2,1994,1.37,2.73,0.459,3.14
1,1994,1.36,2.62,0.459,3.16
12,1993,1.36,2.72,0.459,3.07
11,1993,1.38,2.54,0.459,3.42
10,1993,1.41,2.41,0.459,3.81
9,1993,1.39,2.64,0.459,3.74
8,1993,1.37,2.53,0.459,3.82
7,1993,1.38,2.41,0.459,3.86
6,1993,1.39,2.43,0.459,4.1
5,1993,1.4,2.86,0.459,4.36
4,1993,1.39,2.69,0.459,4.47
3,1993,1.38,2.57,0.459,4.34
2,1993,1.39,2.51,0.459,4.24
1,1993,1.39,2.67,0.459,4.1
12,1992,1.39,2.77,0.459,4.13
11,1992,1.42,2.83,0.459,4.49
10,1992,1.41,2.98,0.459,4.71
9,1992,1.42,2.46,0.459,4.7
8,1992,1.4,2.37,0.459,4.7
7,1992,1.39,2.09,0.459,4.81
6,1992,1.42,2.14,0.459,4.84
5,1992,1.43,2.08,0.459,4.58
4,1992,1.43,2.03,0.459,4.23
3,1992,1.43,1.97,0.459,3.99
2,1992,1.42,2.02,0.459,3.91
1,1992,1.4,2.47,0.459,3.93
12,1991,1.4,2.62,0.459,4.19
11,1991,1.43,2.41,0.459,4.73
10,1991,1.44,2.31,0.459,4.84
9,1991,1.43,2.15,0.459,4.64
8,1991,1.43,1.93,0.459,4.57
7,1991,1.43,1.85,0.459,4.43
6,1991,1.47,1.91,0.459,4.34
5,1991,1.48,1.98,0.459,4.49
4,1991,1.47,2.07,0.459,4.47
3,1991,1.46,2.2,0.459,4.29
2,1991,1.47,2.35,0.459,4.47
1,1991,1.45,2.67,0.459,5.43
12,1990,1.42,2.83,0.499,6.24
11,1990,1.45,2.72,0.499,7.37
10,1990,1.46,2.37,0.499,8.02
9,1990,1.45,2.14,0.499,7.29
8,1990,1.45,2.16,0.499,5.91
7,1990,1.45,2.15,0.499,4.03
6,1990,1.47,2.09,0.499,3.69
5,1990,1.48,2.13,0.499,3.92
4,1990,1.47,2.22,0.499,4.06
3,1990,1.46,2.31,0.499,4.63
2,1990,1.47,2.69,0.499,4.82
1,1990,1.45,2.94,0.499,5.01
12,1989,1.43,2.75,0.499,4.9
11,1989,1.44,2.48,0.499,4.47
10,1989,1.45,2.32,0.499,4.46
9,1989,1.46,2.25,0.499,4.3
8,1989,1.45,2.31,0.499,4.2
7,1989,1.44,2.33,0.499,4.39
6,1989,1.46,2.32,0.499,4.46
5,1989,1.45,2.32,0.499,4.64
4,1989,1.44,2.25,0.499,4.78
3,1989,1.44,2.26,0.499,4.33
2,1989,1.45,2.37,0.499,4.05
1,1989,1.43,2.58,0.499,3.92
12,1988,1.42,2.5,0.499,3.44
11,1988,1.46,2.48,0.499,3.08
10,1988,1.46,2.32,0.499,3.18
9,1988,1.45,2.28,0.499,3.38
8,1988,1.45,2.29,0.499,3.49
7,1988,1.46,2.16,0.499,3.61
6,1988,1.46,2.09,0.499,3.78
5,1988,1.5,2.03,0.499,3.89
4,1988,1.5,2.13,0.499,3.81
3,1988,1.49,2.25,0.499,3.59
2,1988,1.49,2.48,0.499,3.76
1,1988,1.47,2.5,0.499,3.76
12,1987,1.46,2.44,0.519,4.2
11,1987,1.47,2.21,0.519,4.43
10,1987,1.5,2.18,0.519,4.51
9,1987,1.5,2.1,0.519,4.53
8,1987,1.49,2.17,0.519,4.71
7,1987,1.5,2.23,0.519,4.7
6,1987,1.52,2.2,0.519,4.57
5,1987,1.54,2.22,0.519,4.46
4,1987,1.55,2.29,0.519,4.36
3,1987,1.53,2.3,0.519,4.22
2,1987,1.53,2.37,0.519,4.15
1,1987,1.5,2.33,0.519,4.02
12,1986,1.52,2.31,0.519,3.45
11,1986,1.53,2.18,0.519,3.28
10,1986,1.55,2.14,0.519,3.11
9,1986,1.55,2.17,0.519,3.14
8,1986,1.56,2.19,0.519,2.9
7,1986,1.57,2.17,0.519,2.66
6,1986,1.59,2.21,0.519,2.99
5,1986,1.62,2.36,0.519,3.21
4,1986,1.64,2.39,0.519,3.21
3,1986,1.62,2.57,0.519,3.47
2,1986,1.61,2.82,0.519,4.41
1,1986,1.6,3.15,0.519,6.08
12,1985,1.61,3.21,0.519,6.4
11,1985,1.64,3.29,0.519,6.62
10,1985,1.64,3.3,0.519,6.54
9,1985,1.63,3.29,0.519,6.48
8,1985,1.64,3.35,0.519,6.49
7,1985,1.64,3.44,0.519,6.48
6,1985,1.65,3.45,0.519,6.65
5,1985,1.67,3.46,0.519,6.74
4,1985,1.68,3.62,0.519,6.74
3,1985,1.67,3.65,0.519,6.64
2,1985,1.67,3.58,0.519,6.58
1,1985,1.64,3.64,0.519,6.71
12,1984,1.65,3.55,0.519,6.83
11,1984,1.67,3.57,0.519,7.02
10,1984,1.69,3.61,0.519,7.02
9,1984,1.67,3.68,0.519,7
8,1984,1.67,3.66,0.519,7.06
7,1984,1.68,3.73,0.519,7.07
6,1984,1.69,3.61,0.519,7.12
5,1984,1.69,3.6,0.519,7.13
4,1984,1.66,3.44,0.519,7.1
3,1984,1.63,3.4,0.519,7.06
2,1984,1.65,3.48,0.519,7.05
1,1984,1.62,3.44,0.519,7.03
12,1983,1.62,3.39,0.519,7.15
11,1983,1.64,3.4,0.519,7.1
10,1983,1.65,3.5,0.519,7.24
9,1983,1.64,3.58,0.519,7.2
8,1983,1.64,3.63,0.519,7.2
7,1983,1.65,3.61,0.519,7.02
6,1983,1.67,3.47,0.519,7.13
5,1983,1.65,3.44,0.519,6.96
4,1983,1.69,3.26,0.519,6.82
3,1983,1.68,3.36,0.519,6.93
2,1983,1.68,3.32,0.519,7.5
1,1983,1.67,3.47,0.519,7.65
12,1982,1.63,3.52,0.519,8.01
11,1982,1.65,3.5,0.519,8.08
10,1982,1.65,3.56,0.519,8.12
9,1982,1.66,3.55,0.519,8.05
8,1982,1.65,3.53,0.519,8.04
7,1982,1.65,3.53,0.519,8.16
6,1982,1.67,3.42,0.519,8.25
5,1982,1.65,3.28,0.519,7.99
4,1982,1.65,3.21,0.519,8.01
3,1982,1.66,3.14,0.519,8.31
2,1982,1.64,3.08,0.519,8.66
1,1982,1.61,2.97,0.519,8.67
12,1981,1.57,2.88,0.519,8.77
11,1981,1.59,2.97,0.519,8.83
10,1981,1.6,2.98,0.519,8.65
9,1981,1.57,2.86,0.519,8.65
8,1981,1.57,2.89,0.519,8.74
7,1981,1.56,2.87,0.519,8.93
6,1981,1.53,2.85,0.519,9.03
5,1981,1.47,2.82,0.519,9.23
4,1981,1.47,2.72,0.519,9.37
3,1981,1.48,2.63,0.519,9.35
2,1981,1.46,2.58,0.519,9.51
1,1981,1.43,2.43,0.519,9.48
12,1980,1.38,2.24,0.519,8.69
11,1980,1.39,2.29,0.519,8.56
10,1980,1.38,2.43,0.519,8.45
9,1980,1.39,2.36,0.519,8.4
8,1980,1.38,2.36,0.519,8.4
7,1980,1.37,2.28,0.519,8.42
6,1980,1.35,2.08,0.519,8.4
5,1980,1.33,2.1,0.519,8.38
4,1980,1.34,2.02,0.519,8.18
3,1980,1.3,2.06,0.519,8.15
2,1980,1.3,2.03,0.519,7.91
1,1980,1.29,1.94,0.519,7.5
12,1979,1.29,1.83,0.519,7.05
11,1979,1.28,1.8,0.519,6.59
10,1979,1.27,1.88,0.519,6.11
9,1979,1.25,1.82,0.519,6.11
8,1979,1.23,1.8,0.519,5.84
7,1979,1.22,1.78,0.519,5.63
6,1979,1.22,1.79,0.519,5.14
5,1979,1.21,1.77,0.519,4.64
4,1979,1.2,1.64,0.519,4.29
3,1979,1.17,1.63,0.519,4
2,1979,1.15,1.59,0.519,3.88
1,1979,1.16,1.5,0.519,3.78
12,1978,1.16,1.38,0.519,3.65
11,1978,1.16,1.4,0.519,3.59
10,1978,1.14,1.46,0.519,3.57
9,1978,1.11,1.45,0.519,3.55
8,1978,1.1,1.48,0.519,3.52
7,1978,1.1,1.48,0.519,3.54
6,1978,1.12,1.47,0.519,3.55
5,1978,1.11,1.41,0.519,3.54
4,1978,1.11,1.39,0.519,3.51
3,1978,1.13,1.39,0.519,3.55
2,1978,1.02,1.35,0.519,3.51
1,1978,1,1.32,0.519,3.54
12,1977,1.07,1.29,0.519,3.59
11,1977,1.02,1.33,0.519,3.57
10,1977,1,1.38,0.519,3.55
9,1977,0.98,1.37,0.519,3.54
8,1977,0.94,1.34,0.519,3.58
7,1977,0.96,1.31,0.519,3.52
6,1977,0.93,1.3,0.519,3.57
5,1977,0.92,1.25,0.519,3.57
4,1977,0.9,1.26,0.519,3.51
3,1977,0.9,1.21,0.519,3.55
2,1977,0.88,1.23,0.519,3.54
1,1977,0.86,1.11,0.519,3.44
12,1976,0.87,1.12,0.519,3.34
11,1976,0.87,1.14,0.519,3.31
10,1976,0.87,1.1,0.519,3.3
9,1976,0.87,1.09,0.519,3.28
8,1976,0.86,1.06,0.519,3.31
7,1976,0.86,1.06,0.519,3.3
6,1976,0.85,1.04,0.519,3.28
5,1976,0.85,1.01,0.519,3.27
4,1976,0.84,0.97,0.519,3.27
3,1976,0.83,0.95,0.519,3.3
2,1976,0.81,0.92,0.519,3.24
1,1976,0.8,0.88,0.519,3.24
12,1975,0.82,0.86,0.519,3.61
11,1975,0.82,0.83,0.519,3.66
10,1975,0.81,0.85,0.519,3.58
9,1975,0.82,0.83,0.519,3.42
8,1975,0.82,0.79,0.519,3.48
7,1975,0.81,0.74,0.519,3.42
6,1975,0.81,0.71,0.519,3.45
5,1975,0.82,0.73,0.519,3.24
4,1975,0.8,0.69,0.519,3.24
3,1975,0.81,0.67,0.519,3.24
2,1975,0.82,0.65,0.519,3.18
1,1975,0.81,0.59,0.519,3.11